<?xml version="1.0" encoding="UTF-8"?>
<Defs>
    <DynamicEconomy.ConstantPriceModsDef>
        <defName>Hillness_Flat</defName>
        <label>flat</label>
        <thingPriceMultipilers>
            <Steel>1.25</Steel>
            <Plasteel>1.4</Plasteel>
            <Uranium>1.3</Uranium>
            <Jade>1.3</Jade>
        </thingPriceMultipilers>
    </DynamicEconomy.ConstantPriceModsDef>

    <DynamicEconomy.ConstantPriceModsDef>
        <defName>Hillness_SmallHills</defName>
        <label>flat</label>
        <thingPriceMultipilers>
            <Steel>0.95</Steel>
            <Plasteel>1.1</Plasteel>
        </thingPriceMultipilers>
    </DynamicEconomy.ConstantPriceModsDef>

    <DynamicEconomy.ConstantPriceModsDef>
        <defName>Hillness_LargeHills</defName>
        <label>flat</label>
        <thingPriceMultipilers>
            <Steel>0.85</Steel>
            <Uranium>0.95</Uranium>
            <Jade>0.9</Jade>
            <WoodLog>1.1</WoodLog>
        </thingPriceMultipilers>
    </DynamicEconomy.ConstantPriceModsDef>

    <DynamicEconomy.ConstantPriceModsDef>
        <defName>Hillness_Mountainous</defName>
        <label>flat</label>
        <thingPriceMultipilers>
            <Steel>0.7</Steel>
            <Uranium>0.85</Uranium>
            <Jade>0.8</Jade>
            <Plasteel>0.9</Plasteel>

            <WoodLog>1.4</WoodLog>
        </thingPriceMultipilers>
    </DynamicEconomy.ConstantPriceModsDef>
</Defs>