<?xml version="1.0" encoding="utf-8" ?>
<Defs>
  <ThoughtDef>
    <defName>PsiCoinMiningThought</defName>
    <workerClass>ThoughtWorker_Hediff</workerClass>
    <hediff>PsiCoinMining</hediff>
    <validWhileDespawned>true</validWhileDespawned>
    <stages>
      <li>
        <label>light psicoin mining</label>
        <description>This damn implant messes up with my head, it feels as if.. wait, what was I thinking about?</description>
        <baseMoodEffect>-7</baseMoodEffect>
      </li>
      <li>
        <label>hard psicoin mining</label>
        <description>..due to PLEASE undetermined MAKE our homeland IT to live is to STOP optimal way of...</description>
        <baseMoodEffect>-30</baseMoodEffect>
      </li>
    </stages>
  </ThoughtDef>

  <ThoughtDef>
    <defName>LightPsiCoinMiningInColonyThought</defName>
    <workerClass>DynamicEconomy.ThoughtWorker_LightPsiCoinMining</workerClass>
    <nullifyingTraits>
      <li>Psychopath</li>
      <li>Bloodlust</li>
    </nullifyingTraits>
    <stages>
      <li>
        <label>psicoin miners in light mode</label>
        <description>We are using one of ours to mine those chips. Everything for the colony, I guess...</description>
        <baseMoodEffect>-1</baseMoodEffect>
      </li>
      <li>
        <label>psicoin miners in light mode</label>
        <description>Two of us have a psicoin miner installed and running in light mode. I wonder how they feel.</description>
        <baseMoodEffect>-2</baseMoodEffect>
      </li>
      <li>
        <label>psicoin miners in light mode</label>
        <description>Three of us are used to mine psicoins in light mode. Do those chips really worth it?</description>
        <baseMoodEffect>-3</baseMoodEffect>
      </li>
      <li>
        <label>psicoin miners in light mode</label>
        <description>They are stumbling, mumbling something and have empty looks. Now I'm really worried.</description>
        <baseMoodEffect>-5</baseMoodEffect>
      </li>
    </stages>
  </ThoughtDef>

  <ThoughtDef>
    <defName>HardPsiCoinMiningInColonyThought</defName>
    <workerClass>DynamicEconomy.ThoughtWorker_HardPsiCoinMining</workerClass>
    <nullifyingTraits>
      <li>Psychopath</li>
      <li>Bloodlust</li>
    </nullifyingTraits>
    <stages>
      <li>
        <label>psicoin miners in hard mode</label>
        <description>One of ours is lying there just like a vegetable, mining those chips. But they are still alive.</description>
        <baseMoodEffect>-3</baseMoodEffect>
      </li>
      <li>
        <label>psicoin miners in hard mode</label>
        <description>Two of us are nothing but motionless money generators. Maybe we should turn off the hard mode?</description>
        <baseMoodEffect>-6</baseMoodEffect>
      </li>
      <li>
        <label>psicoin miners in hard mode</label>
        <description>Bodies with saliva dribbling from their mouths and that cursed miner in their heads. A human farm, this is what it is.</description>
        <baseMoodEffect>-10</baseMoodEffect>
      </li>
    </stages>
  </ThoughtDef>
</Defs>